ExperienceID,EmployeeNumber,NumCompaniesWorked,TotalWorkingYears,YearsAtCompany,YearsInCurrentRole,YearsSinceLastPromotion,YearsWithCurrManager,BusinessTravel,OverTime,Attrition
1,1,8,8,6,4,0,5,Travel_Rarely,Yes,Yes
2,2,1,10,10,7,1,7,Travel_Frequently,No,No
3,4,6,7,0,0,0,0,Travel_Rarely,Yes,Yes
4,5,1,8,8,7,3,0,Travel_Frequently,Yes,No
5,7,9,6,2,2,2,2,Travel_Rarely,No,No
6,8,0,8,7,7,3,6,Travel_Frequently,No,No
7,10,4,12,1,0,0,0,Travel_Rarely,Yes,No
8,11,1,1,1,0,0,0,Travel_Rarely,No,No
9,12,0,10,9,7,1,8,Travel_Frequently,No,No
10,13,6,17,7,7,7,7,Travel_Rarely,No,No
11,14,0,6,5,4,0,3,Travel_Rarely,No,No
12,15,0,10,9,5,0,8,Travel_Rarely,Yes,No
13,16,1,5,5,2,4,3,Travel_Rarely,No,No
14,18,0,3,2,2,1,2,Travel_Rarely,No,No
15,19,5,6,4,2,0,3,Travel_Rarely,Yes,Yes
16,20,1,10,10,9,8,8,Travel_Rarely,No,No
17,21,0,7,6,2,0,5,Travel_Rarely,Yes,No
18,22,1,1,1,0,0,0,Non-Travel,Yes,No
19,23,2,31,25,8,3,7,Travel_Rarely,No,No
20,24,5,6,3,2,1,2,Travel_Rarely,Yes,No
21,26,0,5,4,2,1,3,Non-Travel,No,No
22,27,7,10,5,3,0,3,Travel_Rarely,No,Yes
23,28,0,13,12,6,2,11,Travel_Rarely,No,No
24,30,1,0,0,0,0,0,Travel_Rarely,No,No
25,31,2,8,4,2,1,3,Travel_Rarely,No,Yes
26,32,4,26,14,13,4,8,Travel_Rarely,No,No
27,33,1,10,10,2,6,7,Travel_Frequently,Yes,Yes
28,35,0,10,9,7,4,2,Travel_Rarely,No,No
29,36,3,24,22,6,5,17,Travel_Rarely,No,No
30,38,3,22,2,2,2,1,Travel_Rarely,No,No
31,39,4,7,1,1,0,0,Travel_Rarely,No,No
32,40,2,9,4,2,1,3,Travel_Rarely,Yes,No
33,41,1,10,10,0,1,8,Travel_Rarely,No,No
34,42,3,19,1,0,0,0,Travel_Rarely,No,Yes
35,45,2,6,2,0,2,0,Travel_Rarely,Yes,Yes
36,46,1,6,5,3,1,4,Travel_Rarely,No,No
37,47,1,3,3,2,0,2,Travel_Rarely,Yes,Yes
38,49,1,2,2,2,2,2,Travel_Rarely,No,No
39,51,9,6,1,1,0,0,Travel_Rarely,Yes,No
40,52,2,10,5,3,1,3,Travel_Frequently,No,No
41,53,1,1,1,0,0,0,Travel_Rarely,No,No
42,54,1,1,1,0,0,0,Travel_Rarely,No,No
43,55,1,1,1,0,0,1,Travel_Rarely,No,Yes
44,56,1,9,9,8,1,7,Travel_Frequently,No,No
45,57,1,12,12,8,3,7,Travel_Frequently,No,No
46,58,1,23,22,15,15,8,Travel_Rarely,No,Yes
47,60,0,10,9,5,8,7,Non-Travel,No,No
48,61,4,8,1,0,0,0,Travel_Rarely,No,No
49,62,4,14,9,6,0,8,Travel_Frequently,Yes,No
50,63,1,1,1,0,0,1,Travel_Rarely,No,No
51,64,9,23,1,0,0,0,Travel_Rarely,Yes,Yes
52,65,1,2,2,2,2,2,Travel_Rarely,Yes,Yes
53,68,5,9,4,3,1,3,Travel_Rarely,Yes,No
54,70,2,10,4,0,2,3,Non-Travel,Yes,No
55,72,7,5,2,2,0,0,Travel_Rarely,Yes,No
56,73,1,15,15,14,8,12,Travel_Frequently,Yes,No
57,74,1,9,9,8,1,8,Travel_Frequently,No,No
58,75,3,4,2,2,2,2,Travel_Rarely,Yes,No
59,76,3,10,7,7,1,7,Travel_Rarely,No,No
60,77,1,7,7,5,0,7,Travel_Rarely,No,No
61,78,1,9,9,8,7,8,Travel_Rarely,Yes,No
62,79,1,10,10,3,9,9,Travel_Frequently,No,No
63,80,5,29,27,3,13,8,Travel_Rarely,Yes,No
64,81,7,28,21,16,7,9,Travel_Rarely,No,No
65,83,1,17,17,14,12,8,Travel_Rarely,No,No
66,84,2,21,5,0,0,2,Travel_Rarely,Yes,No
67,85,1,6,6,5,0,3,Travel_Frequently,No,No
68,86,2,25,1,0,0,0,Travel_Rarely,No,No
69,88,4,5,3,2,1,2,Travel_Frequently,No,No
70,90,0,2,1,0,0,0,Travel_Rarely,Yes,Yes
71,91,7,20,4,3,1,3,Travel_Frequently,No,No
72,94,0,6,5,4,0,4,Travel_Rarely,No,No
73,95,1,1,1,1,1,0,Travel_Rarely,No,No
74,96,1,10,10,4,0,9,Travel_Rarely,No,No
75,97,3,5,1,0,0,0,Travel_Rarely,No,No
76,98,1,11,11,7,1,8,Travel_Rarely,No,No
77,100,0,16,15,13,2,8,Travel_Rarely,No,No
78,101,4,17,0,0,0,0,Travel_Rarely,Yes,No
79,102,4,16,5,2,0,2,Travel_Rarely,No,No
80,103,8,16,4,2,0,2,Travel_Rarely,Yes,No
81,104,1,10,10,8,3,0,Travel_Rarely,Yes,No
82,105,1,6,6,4,0,4,Travel_Rarely,No,No
83,106,3,24,1,0,1,0,Travel_Rarely,No,No
84,107,7,17,13,11,1,9,Non-Travel,Yes,No
85,110,1,5,5,2,1,3,Travel_Rarely,No,No
86,112,4,37,6,4,0,2,Travel_Rarely,No,No
87,113,3,3,0,0,0,0,Travel_Rarely,No,No
88,116,3,10,4,2,0,3,Travel_Rarely,No,No
89,117,1,11,11,10,10,8,Travel_Rarely,No,No
90,118,1,9,9,8,4,7,Travel_Rarely,No,Yes
91,119,1,22,22,3,11,11,Travel_Frequently,No,No
92,120,0,11,10,7,1,0,Travel_Rarely,Yes,No
93,121,1,11,11,8,2,7,Travel_Rarely,Yes,No
94,124,2,21,10,9,9,5,Travel_Frequently,Yes,No
95,125,1,12,11,8,5,7,Travel_Rarely,No,No
96,126,9,16,4,3,0,3,Travel_Rarely,No,No
97,128,0,4,3,2,0,2,Travel_Rarely,No,No
98,129,1,5,5,4,0,4,Non-Travel,No,No
99,131,0,38,37,10,1,8,Travel_Rarely,No,No
100,132,4,17,3,2,1,2,Non-Travel,No,No
101,133,4,7,3,2,0,2,Travel_Rarely,Yes,Yes
102,134,1,1,1,0,0,0,Travel_Rarely,No,No
103,137,1,1,1,0,1,0,Travel_Frequently,Yes,Yes
104,138,1,16,16,13,2,10,Travel_Rarely,No,No
105,139,5,17,1,0,0,0,Non-Travel,No,No
106,140,9,30,3,2,2,2,Non-Travel,No,No
107,141,3,28,8,3,0,7,Travel_Frequently,Yes,No
108,142,1,6,6,4,0,3,Travel_Rarely,Yes,Yes
109,143,1,2,2,2,2,1,Travel_Rarely,No,No
110,144,1,1,0,0,0,0,Travel_Rarely,No,No
111,145,3,23,13,12,12,8,Travel_Frequently,No,No
112,147,1,9,9,7,0,6,Travel_Frequently,Yes,Yes
113,148,2,23,5,3,4,4,Non-Travel,Yes,No
114,150,0,6,5,3,1,2,Travel_Rarely,No,No
115,151,6,12,1,0,0,0,Travel_Rarely,No,No
116,152,2,12,5,3,1,3,Travel_Rarely,No,No
117,153,2,14,11,10,5,8,Travel_Rarely,No,No
118,154,0,10,9,7,2,8,Travel_Frequently,No,No
119,155,5,7,1,0,0,0,Travel_Rarely,No,No
120,158,1,25,25,12,4,12,Travel_Frequently,Yes,No
121,159,1,10,10,7,0,9,Travel_Frequently,No,No
122,160,0,8,7,7,0,7,Non-Travel,No,No
123,161,9,7,5,4,4,3,Travel_Rarely,Yes,Yes
124,162,7,23,20,18,15,15,Travel_Rarely,No,No
125,163,4,12,7,7,7,7,Travel_Rarely,Yes,Yes
126,164,1,5,5,4,4,3,Travel_Rarely,No,No
127,165,1,40,40,10,15,6,Travel_Rarely,No,Yes
128,167,1,0,0,0,0,0,Travel_Rarely,Yes,Yes
129,169,0,3,2,1,2,1,Travel_Rarely,No,No
130,170,1,16,15,11,5,11,Travel_Rarely,No,No
131,171,4,18,3,2,1,2,Travel_Frequently,No,No
132,174,4,16,2,2,2,1,Travel_Frequently,No,No
133,175,3,4,2,2,2,2,Travel_Rarely,Yes,Yes
134,176,3,12,9,7,0,7,Travel_Rarely,Yes,No
135,177,1,8,8,7,5,7,Travel_Rarely,No,No
136,178,6,7,3,2,0,1,Travel_Rarely,No,No
137,179,2,18,4,2,0,3,Travel_Frequently,No,Yes
138,182,4,17,15,11,5,9,Travel_Rarely,No,No
139,183,2,6,2,2,2,2,Travel_Rarely,No,No
140,184,0,12,11,9,4,7,Travel_Rarely,Yes,No
141,190,7,10,5,4,0,4,Travel_Rarely,No,Yes
142,192,5,9,6,5,0,3,Travel_Rarely,No,No
143,193,3,19,3,2,2,2,Travel_Rarely,Yes,No
144,194,1,5,5,4,0,4,Travel_Rarely,No,No
145,195,0,9,8,7,0,7,Travel_Frequently,No,No
146,197,5,8,3,2,2,2,Travel_Rarely,No,No
147,198,0,6,5,3,1,2,Travel_Rarely,No,No
148,199,4,21,7,6,7,7,Travel_Frequently,No,No
149,200,2,7,5,0,1,4,Travel_Rarely,No,No
150,201,1,1,1,0,0,0,Travel_Rarely,No,No
151,202,1,20,20,7,2,13,Travel_Frequently,No,No
152,204,1,10,10,8,0,6,Travel_Rarely,No,No
153,205,2,13,7,7,4,5,Travel_Rarely,Yes,No
154,206,8,20,17,9,0,15,Travel_Rarely,No,No
155,207,1,9,9,8,3,7,Travel_Frequently,No,No
156,208,1,10,10,7,0,9,Non-Travel,No,No
157,211,2,10,1,0,0,0,Travel_Rarely,No,No
158,214,4,9,1,0,0,0,Travel_Rarely,Yes,No
159,215,7,15,12,11,2,11,Travel_Rarely,No,No
160,216,6,6,4,3,1,2,Travel_Frequently,No,No
161,217,1,2,2,2,2,2,Travel_Rarely,No,No
162,218,6,6,2,2,2,2,Non-Travel,No,No
163,221,1,5,5,2,0,2,Travel_Rarely,No,No
164,223,3,12,5,3,1,4,Travel_Rarely,Yes,No
165,224,1,1,1,1,0,1,Non-Travel,Yes,No
166,226,3,21,5,4,4,4,Travel_Rarely,No,No
167,227,4,13,9,8,1,8,Travel_Rarely,No,No
168,228,2,12,10,9,7,4,Travel_Rarely,No,No
169,230,4,12,8,3,0,7,Travel_Rarely,No,No
170,231,3,8,5,4,1,4,Travel_Rarely,No,No
171,233,0,6,5,2,1,1,Travel_Rarely,Yes,No
172,235,0,1,0,0,0,0,Travel_Frequently,No,Yes
173,238,4,13,8,7,7,2,Travel_Frequently,No,No
174,239,1,12,12,9,6,10,Non-Travel,No,No
175,240,4,9,5,4,0,3,Travel_Rarely,Yes,No
176,241,4,19,2,2,2,2,Travel_Rarely,Yes,No
177,242,0,4,3,1,0,2,Travel_Rarely,No,No
178,243,1,1,1,0,1,0,Travel_Rarely,No,Yes
179,244,1,24,24,13,15,7,Travel_Rarely,No,No
180,245,1,2,2,2,2,1,Travel_Rarely,No,No
181,246,8,7,4,2,0,2,Travel_Rarely,Yes,No
182,247,2,9,3,2,1,2,Travel_Rarely,No,No
183,248,1,4,4,3,0,2,Travel_Rarely,Yes,Yes
184,249,2,5,3,2,0,2,Travel_Rarely,No,No
185,250,1,5,4,2,1,3,Travel_Rarely,No,No
186,252,1,8,8,7,1,6,Travel_Rarely,No,No
187,253,1,21,20,8,9,9,Travel_Rarely,No,No
188,254,8,36,24,15,2,15,Travel_Rarely,No,No
189,256,1,10,10,9,1,9,Travel_Frequently,No,No
190,258,3,21,7,7,1,0,Travel_Rarely,No,No
191,259,0,34,33,18,11,9,Travel_Rarely,No,No
192,260,1,7,7,7,0,3,Travel_Rarely,No,No
193,261,3,8,1,0,0,1,Travel_Rarely,Yes,Yes
194,262,4,7,5,4,2,2,Non-Travel,No,No
195,264,9,22,20,8,11,8,Non-Travel,No,No
196,267,1,8,8,7,1,7,Travel_Rarely,Yes,No
197,269,5,10,6,2,1,2,Travel_Frequently,No,No
198,270,2,11,5,3,0,2,Non-Travel,No,No
199,271,9,14,1,0,0,0,Travel_Rarely,No,No
200,273,3,9,7,7,1,7,Travel_Rarely,No,No
201,274,5,6,2,2,2,0,Travel_Frequently,No,No
202,275,1,7,7,7,1,7,Non-Travel,Yes,No
203,277,1,5,5,3,2,0,Travel_Frequently,Yes,No
204,281,8,15,7,2,3,7,Travel_Rarely,Yes,No
205,282,7,17,1,0,0,0,Travel_Rarely,Yes,Yes
206,283,1,10,10,4,1,9,Travel_Rarely,No,Yes
207,284,1,4,4,2,2,2,Travel_Rarely,Yes,No
208,286,1,8,8,1,1,7,Travel_Frequently,No,No
209,287,9,5,3,2,0,2,Non-Travel,No,No
210,288,7,17,4,2,0,3,Travel_Rarely,No,No
211,291,1,14,14,8,9,8,Travel_Rarely,No,Yes
212,292,1,12,11,8,5,8,Non-Travel,No,No
213,293,1,7,7,7,0,7,Travel_Frequently,No,No
214,296,5,16,10,9,4,7,Travel_Rarely,No,No
215,297,5,8,5,2,0,4,Travel_Rarely,Yes,Yes
216,298,3,16,1,0,0,0,Travel_Rarely,Yes,No
217,299,5,9,6,3,0,1,Travel_Frequently,No,Yes
218,300,0,7,6,2,1,5,Travel_Rarely,No,Yes
219,302,6,23,19,7,12,8,Non-Travel,No,No
220,303,2,16,6,2,0,5,Travel_Rarely,No,No
221,304,8,16,13,11,3,7,Travel_Rarely,No,No
222,305,6,7,3,2,1,1,Travel_Rarely,No,No
223,306,1,10,10,8,0,7,Travel_Frequently,Yes,No
224,307,0,17,16,10,5,13,Travel_Rarely,No,No
225,308,0,6,5,4,1,4,Non-Travel,No,No
226,309,3,7,1,0,0,0,Travel_Rarely,No,No
227,311,4,13,9,8,5,8,Travel_Frequently,No,No
228,312,1,11,11,10,4,1,Travel_Frequently,No,No
229,314,1,10,10,7,0,8,Travel_Frequently,No,No
230,315,1,4,4,3,0,1,Travel_Rarely,Yes,Yes
231,316,7,6,2,2,2,2,Travel_Rarely,No,No
232,319,1,22,22,17,11,15,Travel_Rarely,No,No
233,321,8,7,2,2,2,2,Travel_Rarely,No,No
234,323,3,32,7,0,0,6,Travel_Rarely,No,No
235,325,5,8,5,4,0,4,Travel_Rarely,Yes,Yes
236,327,5,22,17,13,1,9,Travel_Rarely,Yes,No
237,328,7,13,9,7,1,7,Travel_Rarely,No,Yes
238,329,1,33,33,7,15,12,Non-Travel,Yes,No
239,330,2,6,4,3,1,2,Travel_Rarely,No,No
240,331,0,4,3,2,1,2,Travel_Rarely,Yes,Yes
241,332,7,7,3,2,1,2,Travel_Rarely,No,No
242,333,0,4,3,2,2,2,Non-Travel,No,No
243,334,2,17,1,0,0,0,Travel_Rarely,No,No
244,335,1,9,9,8,4,7,Travel_Rarely,No,No
245,336,0,25,24,0,1,7,Travel_Rarely,No,No
246,337,9,9,2,2,2,2,Travel_Frequently,No,No
247,338,1,2,2,2,0,2,Travel_Rarely,No,No
248,339,6,13,11,9,5,9,Travel_Rarely,No,No
249,340,2,17,3,1,0,2,Travel_Rarely,No,No
250,341,4,9,3,2,0,2,Travel_Frequently,No,No
251,342,6,17,1,0,0,0,Travel_Frequently,No,Yes
252,343,0,20,19,6,11,8,Travel_Frequently,No,No
253,346,1,6,6,5,1,5,Travel_Rarely,No,No
254,347,3,10,3,2,0,2,Travel_Rarely,Yes,No
255,349,2,10,3,2,0,2,Travel_Rarely,No,No
256,350,0,5,4,2,1,2,Travel_Rarely,No,No
257,351,0,10,9,6,7,8,Travel_Rarely,Yes,No
258,352,0,22,21,7,3,9,Travel_Rarely,No,No
259,353,1,1,1,0,0,0,Travel_Rarely,No,No
260,355,0,6,5,4,1,4,Travel_Frequently,No,Yes
261,359,1,5,5,1,0,3,Travel_Frequently,No,No
262,361,3,13,8,7,7,5,Non-Travel,No,No
263,362,4,9,6,2,0,4,Travel_Rarely,No,No
264,363,3,28,7,7,7,7,Travel_Rarely,Yes,No
265,364,2,5,0,0,0,0,Travel_Rarely,No,Yes
266,366,2,10,0,0,0,0,Travel_Rarely,No,No
267,367,0,10,9,0,7,8,Travel_Rarely,No,No
268,369,1,6,6,3,1,5,Non-Travel,No,No
269,372,0,21,20,7,4,10,Travel_Rarely,Yes,No
270,373,0,16,15,13,10,11,Travel_Rarely,No,No
271,374,0,37,36,10,4,13,Travel_Rarely,Yes,No
272,376,1,10,10,7,9,9,Non-Travel,Yes,Yes
273,377,1,5,5,2,0,4,Travel_Rarely,No,No
274,378,4,7,5,4,0,1,Travel_Rarely,No,No
275,379,1,3,3,2,1,0,Travel_Rarely,No,No
276,380,2,15,5,2,0,2,Non-Travel,Yes,No
277,381,7,10,7,7,6,2,Travel_Rarely,No,No
278,382,1,8,8,0,7,7,Travel_Rarely,Yes,No
279,384,1,6,6,5,1,4,Travel_Frequently,No,No
280,385,3,28,10,4,1,6,Travel_Rarely,No,No
281,386,3,21,5,3,1,3,Travel_Rarely,Yes,No
282,387,1,20,20,16,11,6,Travel_Rarely,No,No
283,388,1,10,10,7,0,9,Travel_Frequently,No,No
284,389,3,12,10,7,0,8,Travel_Rarely,Yes,No
285,390,1,5,5,3,3,3,Travel_Frequently,Yes,No
286,391,1,17,17,12,5,7,Travel_Rarely,No,No
287,392,3,19,1,0,0,0,Travel_Frequently,Yes,Yes
288,393,9,10,2,2,1,2,Travel_Rarely,No,No
289,394,2,5,3,2,0,2,Travel_Rarely,Yes,Yes
290,395,1,5,5,3,0,2,Travel_Rarely,No,No
291,396,9,22,3,2,1,2,Travel_Frequently,Yes,No
292,397,4,10,8,0,7,7,Travel_Rarely,No,No
293,399,1,2,2,2,2,2,Travel_Frequently,No,No
294,401,1,8,8,7,7,4,Travel_Rarely,Yes,Yes
295,403,1,4,4,2,1,2,Travel_Frequently,Yes,No
296,404,5,23,20,4,4,8,Travel_Frequently,No,No
297,405,1,0,0,0,0,0,Travel_Rarely,No,Yes
298,406,0,12,11,9,6,9,Travel_Rarely,No,No
299,407,4,4,1,0,0,0,Travel_Frequently,No,No
300,408,5,13,4,1,1,2,Travel_Rarely,No,No
301,410,1,22,22,10,0,4,Travel_Rarely,No,No
302,411,1,0,0,0,0,0,Travel_Rarely,No,No
303,412,0,9,8,3,0,7,Travel_Rarely,No,No
304,416,4,10,8,7,7,7,Travel_Rarely,No,No
305,417,0,19,18,10,3,7,Travel_Rarely,No,No
306,419,7,11,9,8,0,8,Non-Travel,No,No
307,420,1,13,13,8,4,8,Travel_Rarely,No,No
308,421,3,19,10,8,0,1,Travel_Rarely,No,No
309,422,2,12,5,3,1,2,Non-Travel,Yes,No
310,423,0,6,5,2,0,3,Travel_Rarely,Yes,No
311,424,3,9,2,2,1,0,Travel_Rarely,No,No
312,425,1,24,24,9,9,11,Travel_Frequently,No,No
313,426,0,3,2,2,2,2,Travel_Rarely,Yes,No
314,428,6,12,10,6,8,8,Travel_Frequently,No,No
315,429,1,21,21,9,11,10,Travel_Rarely,Yes,No
316,430,0,9,8,7,1,7,Travel_Frequently,No,No
317,431,7,25,7,1,0,7,Travel_Rarely,Yes,No
318,433,2,11,8,2,7,7,Travel_Rarely,No,Yes
319,434,1,4,4,3,1,2,Travel_Rarely,Yes,No
320,436,1,13,13,12,11,9,Travel_Rarely,Yes,No
321,437,1,5,5,4,0,4,Travel_Rarely,Yes,No
322,438,4,13,7,7,1,7,Travel_Rarely,No,No
323,439,7,10,7,7,0,7,Travel_Rarely,No,No
324,440,5,5,3,2,2,2,Travel_Rarely,Yes,Yes
325,441,1,11,10,8,1,9,Travel_Rarely,No,No
326,442,1,10,10,9,8,9,Travel_Frequently,No,No
327,444,1,21,21,9,13,3,Travel_Frequently,No,No
328,445,4,12,1,0,0,0,Travel_Rarely,Yes,Yes
329,446,3,9,7,7,0,1,Travel_Frequently,No,No
330,447,4,21,3,2,1,1,Travel_Rarely,No,No
331,448,1,9,9,7,0,0,Travel_Frequently,No,No
332,449,0,6,5,4,1,4,Non-Travel,Yes,No
333,450,3,20,4,3,0,3,Travel_Frequently,No,No
334,451,8,10,1,0,0,0,Travel_Rarely,No,No
335,452,9,12,10,9,9,8,Travel_Rarely,No,No
336,453,2,6,4,3,0,2,Travel_Rarely,Yes,No
337,454,1,7,7,7,0,7,Travel_Rarely,Yes,Yes
338,455,0,4,3,2,2,2,Travel_Rarely,No,No
339,456,1,10,10,9,1,2,Travel_Rarely,No,No
340,458,1,8,8,7,0,7,Travel_Rarely,No,No
341,460,7,8,6,2,0,4,Travel_Rarely,No,No
342,461,0,12,11,10,2,9,Travel_Rarely,Yes,No
343,462,1,11,11,9,4,10,Travel_Rarely,Yes,No
344,463,1,7,7,7,1,7,Travel_Rarely,Yes,No
345,464,0,17,16,6,0,13,Travel_Rarely,No,No
346,465,1,4,4,2,0,2,Travel_Rarely,No,No
347,466,6,8,5,4,1,2,Travel_Rarely,Yes,No
348,467,3,5,0,0,0,0,Travel_Frequently,No,No
349,468,2,16,1,0,0,0,Travel_Rarely,No,No
350,469,1,4,4,3,0,2,Non-Travel,No,No
351,470,0,4,3,2,1,0,Travel_Rarely,Yes,No
352,471,1,8,8,0,0,7,Travel_Rarely,No,No
353,473,3,15,0,0,0,0,Travel_Rarely,No,No
354,474,4,13,7,7,6,7,Travel_Rarely,Yes,No
355,475,7,4,2,2,2,2,Non-Travel,Yes,No
356,476,1,8,8,7,7,7,Travel_Rarely,No,No
357,477,3,14,1,0,0,0,Travel_Rarely,No,No
358,478,1,3,3,2,1,2,Travel_Frequently,Yes,Yes
359,479,4,7,1,0,0,0,Non-Travel,No,No
360,481,4,16,13,9,1,12,Travel_Frequently,No,No
361,482,2,15,3,2,1,2,Travel_Rarely,No,No
362,483,3,10,7,7,1,7,Travel_Rarely,Yes,No
363,484,1,3,3,2,2,2,Non-Travel,No,No
364,485,1,1,1,0,0,0,Travel_Rarely,Yes,Yes
365,486,6,17,5,4,0,3,Travel_Rarely,No,No
366,487,2,7,1,0,0,0,Non-Travel,No,No
367,488,1,8,8,7,7,7,Travel_Frequently,No,Yes
368,491,6,20,4,3,1,3,Travel_Rarely,No,No
369,492,2,8,6,4,1,0,Travel_Rarely,Yes,Yes
370,493,0,3,2,2,2,2,Travel_Rarely,Yes,No
371,494,1,1,1,0,0,0,Travel_Rarely,No,Yes
372,495,9,6,3,2,1,2,Travel_Rarely,No,No
373,496,9,10,1,1,0,0,Travel_Rarely,No,No
374,497,1,5,5,2,0,4,Travel_Rarely,No,No
375,498,1,7,7,5,0,7,Travel_Rarely,No,No
376,499,8,26,5,2,0,0,Travel_Rarely,No,No
377,500,4,18,7,7,0,7,Travel_Rarely,No,No
378,501,4,6,2,2,2,2,Travel_Rarely,No,No
379,502,8,9,5,2,0,4,Non-Travel,Yes,Yes
380,505,2,30,5,4,1,2,Travel_Rarely,Yes,No
381,507,1,5,5,2,0,3,Travel_Rarely,Yes,No
382,508,1,1,1,0,0,0,Travel_Rarely,No,No
383,510,0,7,6,4,0,4,Travel_Frequently,No,Yes
384,511,1,2,2,1,1,2,Travel_Rarely,No,No
385,513,1,10,10,9,9,0,Travel_Rarely,No,No
386,514,9,3,1,0,0,0,Travel_Frequently,Yes,Yes
387,515,1,18,18,7,12,17,Travel_Rarely,No,No
388,516,7,8,5,4,1,3,Travel_Rarely,No,No
389,517,3,8,5,2,1,2,Travel_Rarely,No,No
390,518,2,18,1,0,0,1,Travel_Rarely,Yes,No
391,520,1,25,25,10,3,9,Travel_Rarely,No,No
392,521,6,20,1,0,0,0,Travel_Rarely,No,No
393,522,4,24,4,2,1,2,Travel_Rarely,No,No
394,523,9,6,3,2,1,2,Non-Travel,No,No
395,524,1,13,13,10,3,12,Travel_Rarely,No,No
396,525,7,8,3,2,1,2,Travel_Frequently,No,No
397,526,4,8,5,2,0,2,Travel_Rarely,Yes,No
398,527,1,5,5,4,1,3,Travel_Rarely,Yes,No
399,529,3,15,13,11,10,7,Non-Travel,Yes,No
400,530,1,4,4,2,3,2,Travel_Rarely,No,No
401,531,1,21,21,8,1,6,Travel_Frequently,Yes,No
402,532,9,36,7,7,7,7,Travel_Frequently,No,No
403,533,0,6,5,4,4,4,Travel_Rarely,No,No
404,534,1,10,10,7,0,7,Travel_Rarely,No,No
405,536,1,10,10,0,1,8,Travel_Rarely,No,No
406,538,5,6,2,2,0,2,Travel_Rarely,No,Yes
407,543,2,28,5,4,0,4,Travel_Rarely,Yes,No
408,544,3,8,2,2,0,2,Travel_Rarely,No,No
409,546,2,31,5,2,1,4,Travel_Rarely,No,No
410,547,2,19,5,4,0,2,Travel_Frequently,No,No
411,548,2,11,5,4,0,2,Travel_Rarely,No,No
412,549,5,33,29,8,11,10,Travel_Rarely,No,No
413,550,2,19,10,7,0,8,Travel_Rarely,No,No
414,551,0,7,6,5,0,4,Travel_Frequently,No,No
415,554,1,6,5,3,1,4,Travel_Rarely,Yes,Yes
416,555,0,3,2,2,1,0,Travel_Frequently,No,Yes
417,556,1,1,1,0,0,0,Travel_Frequently,Yes,No
418,558,0,21,20,15,1,12,Travel_Rarely,No,No
419,560,1,3,3,2,0,2,Travel_Rarely,No,No
420,562,4,9,5,3,1,4,Non-Travel,No,No
421,564,1,10,10,2,0,7,Travel_Rarely,No,No
422,565,5,6,2,2,1,1,Travel_Rarely,No,Yes
423,566,1,1,1,0,0,0,Travel_Rarely,No,Yes
424,567,0,10,9,8,7,8,Non-Travel,No,No
425,568,3,32,1,0,0,0,Travel_Rarely,No,No
426,569,0,28,27,10,15,7,Travel_Rarely,No,No
427,571,0,12,11,7,6,7,Non-Travel,No,No
428,573,4,22,18,13,13,11,Travel_Frequently,No,No
429,574,5,20,5,0,0,4,Travel_Rarely,No,No
430,575,6,26,3,2,0,1,Travel_Rarely,No,No
431,577,0,6,5,4,4,3,Travel_Rarely,No,No
432,578,7,19,1,0,0,0,Travel_Rarely,No,No
433,579,3,14,7,3,5,7,Travel_Rarely,No,No
434,580,2,15,3,2,1,2,Travel_Rarely,Yes,No
435,581,1,13,13,8,0,8,Travel_Rarely,No,No
436,582,7,15,7,6,7,7,Travel_Rarely,Yes,Yes
437,584,7,8,4,3,1,3,Travel_Rarely,No,Yes
438,585,0,4,3,2,1,2,Travel_Rarely,No,No
439,586,4,10,8,7,0,0,Travel_Rarely,Yes,No
440,587,3,12,1,0,0,0,Travel_Frequently,No,Yes
441,590,9,11,3,2,0,2,Travel_Frequently,Yes,Yes
442,591,4,8,2,2,2,0,Travel_Frequently,No,No
443,592,1,10,10,3,9,7,Non-Travel,No,No
444,593,5,4,2,2,1,2,Travel_Frequently,No,Yes
445,595,2,14,9,7,6,7,Travel_Rarely,No,No
446,597,3,37,10,9,7,7,Travel_Rarely,No,No
447,599,7,16,14,3,1,10,Non-Travel,No,No
448,600,9,15,11,9,6,9,Travel_Rarely,No,No
449,601,7,22,20,6,5,13,Travel_Rarely,No,No
450,602,1,8,8,3,0,7,Travel_Frequently,No,No
451,604,4,10,6,5,0,5,Travel_Rarely,Yes,No
452,605,1,10,10,9,5,8,Travel_Rarely,Yes,No
453,606,0,9,8,7,3,7,Travel_Rarely,No,No
454,608,0,8,7,7,1,0,Travel_Frequently,Yes,Yes
455,611,4,8,3,2,1,2,Travel_Rarely,No,No
456,612,4,10,6,1,0,5,Travel_Rarely,No,No
457,613,9,10,5,4,0,1,Travel_Rarely,No,No
458,614,1,0,0,0,0,0,Travel_Frequently,Yes,Yes
459,615,3,20,1,0,0,1,Non-Travel,No,No
460,616,2,10,8,7,0,7,Non-Travel,Yes,No
461,618,5,8,0,0,0,0,Travel_Rarely,No,No
462,620,1,5,5,4,0,3,Travel_Rarely,No,No
463,621,1,10,10,7,5,7,Travel_Rarely,No,No
464,622,1,1,1,0,0,0,Travel_Rarely,Yes,Yes
465,623,4,12,6,5,1,2,Travel_Rarely,No,No
466,624,5,28,2,2,1,2,Travel_Frequently,No,No
467,625,7,22,18,16,11,8,Travel_Rarely,No,No
468,626,1,9,9,5,7,7,Non-Travel,No,No
469,630,3,18,10,9,6,9,Travel_Rarely,Yes,No
470,631,8,6,4,2,1,2,Non-Travel,No,Yes
471,632,0,3,2,2,2,1,Travel_Frequently,No,No
472,634,3,18,1,0,0,0,Travel_Rarely,No,No
473,635,6,8,6,5,4,3,Travel_Rarely,No,No
474,638,1,31,31,9,0,9,Travel_Rarely,Yes,No
475,639,1,6,6,5,1,4,Travel_Rarely,Yes,No
476,641,1,6,5,3,1,4,Travel_Rarely,No,No
477,643,1,1,1,0,0,0,Travel_Rarely,No,No
478,644,1,32,32,5,10,7,Travel_Frequently,No,No
479,645,1,7,7,4,0,6,Travel_Rarely,No,No
480,647,1,6,6,3,1,2,Travel_Frequently,Yes,Yes
481,648,1,1,1,0,0,0,Travel_Frequently,No,Yes
482,649,1,6,6,5,1,3,Travel_Rarely,Yes,No
483,650,2,9,3,1,1,2,Travel_Rarely,No,Yes
484,652,4,9,3,2,0,2,Travel_Rarely,No,No
485,653,4,13,7,7,5,7,Travel_Rarely,No,No
486,655,0,6,5,3,0,3,Travel_Rarely,No,No
487,656,4,17,3,0,1,0,Travel_Rarely,Yes,No
488,657,1,1,1,0,0,0,Travel_Rarely,No,No
489,659,1,10,10,2,2,2,Travel_Rarely,No,No
490,661,4,21,1,0,0,0,Travel_Rarely,Yes,No
491,662,3,8,0,0,0,0,Travel_Rarely,No,No
492,663,3,10,8,7,4,7,Travel_Frequently,Yes,No
493,664,7,21,3,2,0,2,Travel_Rarely,No,No
494,665,4,10,2,2,0,2,Travel_Rarely,No,No
495,666,1,8,8,2,0,6,Travel_Rarely,Yes,No
496,667,0,5,4,3,0,2,Travel_Rarely,No,Yes
497,669,1,3,3,2,1,2,Travel_Rarely,No,No
498,671,4,26,2,2,0,1,Travel_Rarely,Yes,No
499,675,0,3,2,2,2,2,Travel_Rarely,No,No
500,677,0,6,5,0,1,2,Travel_Rarely,No,No
501,679,1,6,6,4,0,5,Travel_Rarely,Yes,No
502,680,1,1,1,0,0,0,Travel_Frequently,No,No
503,682,7,18,14,7,8,10,Travel_Rarely,No,No
504,683,1,10,10,9,8,8,Travel_Rarely,No,No
505,684,2,5,1,1,0,0,Travel_Frequently,No,Yes
506,686,1,3,3,2,0,2,Travel_Rarely,Yes,No
507,689,1,10,10,7,7,8,Travel_Rarely,No,No
508,690,1,6,6,0,1,2,Travel_Rarely,No,No
509,691,1,17,17,11,11,8,Travel_Rarely,No,No
510,692,3,15,13,11,4,7,Travel_Frequently,No,No
511,698,2,16,9,7,7,1,Travel_Rarely,No,No
512,699,2,13,3,2,0,2,Travel_Rarely,Yes,No
513,700,0,5,4,2,1,1,Travel_Rarely,No,No
514,701,1,1,1,0,1,1,Travel_Rarely,Yes,Yes
515,702,1,10,10,8,9,7,Travel_Frequently,Yes,Yes
516,704,1,1,1,0,0,0,Non-Travel,No,No
517,705,2,5,3,2,0,2,Travel_Rarely,No,No
518,707,0,4,3,2,1,2,Travel_Rarely,No,No
519,709,0,8,7,7,0,5,Travel_Rarely,No,No
520,710,1,10,10,7,2,8,Travel_Frequently,No,No
521,712,3,12,2,2,2,2,Travel_Rarely,No,No
522,714,1,6,6,5,0,4,Travel_Frequently,Yes,No
523,715,3,4,1,0,0,0,Travel_Rarely,No,No
524,716,1,20,20,8,3,8,Travel_Rarely,Yes,No
525,717,1,9,8,7,7,7,Travel_Rarely,No,No
526,720,9,4,2,2,2,0,Travel_Rarely,No,Yes
527,721,1,20,20,7,11,10,Travel_Rarely,No,No
528,722,1,10,10,7,0,8,Travel_Rarely,No,No
529,723,3,18,4,3,1,3,Travel_Frequently,Yes,Yes
530,724,0,10,9,7,1,8,Travel_Rarely,No,No
531,725,1,9,9,7,0,7,Travel_Rarely,No,No
532,727,3,10,7,7,7,7,Travel_Rarely,No,No
533,728,2,20,7,7,1,7,Travel_Rarely,No,No
534,729,5,20,18,13,1,12,Travel_Frequently,Yes,No
535,730,3,32,5,1,1,3,Travel_Rarely,No,No
536,731,3,23,21,6,12,6,Travel_Rarely,No,No
537,732,8,10,2,2,2,2,Travel_Rarely,No,No
538,733,1,9,9,7,1,7,Travel_Frequently,No,No
539,734,1,22,22,7,2,10,Travel_Rarely,No,No
540,738,7,4,2,2,2,2,Travel_Rarely,No,No
541,741,7,10,7,7,3,7,Travel_Rarely,Yes,Yes
542,742,9,10,8,7,0,5,Non-Travel,No,No
543,743,4,10,1,0,0,0,Travel_Rarely,Yes,No
544,744,2,9,5,2,1,4,Non-Travel,No,No
545,746,9,28,22,2,11,13,Travel_Frequently,Yes,No
546,747,7,10,8,7,7,7,Travel_Rarely,No,No
547,749,1,1,1,0,0,0,Travel_Rarely,No,No
548,752,6,7,2,2,2,2,Travel_Frequently,Yes,Yes
549,754,3,7,2,2,2,2,Travel_Frequently,No,No
550,757,3,10,5,1,4,3,Travel_Rarely,No,No
551,758,1,5,4,3,0,2,Travel_Rarely,No,No
552,760,9,12,8,3,3,6,Travel_Rarely,No,No
553,762,7,30,10,7,1,1,Travel_Rarely,No,No
554,763,0,5,4,2,2,3,Travel_Rarely,Yes,No
555,764,8,9,7,6,0,7,Travel_Rarely,No,No
556,766,1,2,2,2,2,2,Travel_Rarely,No,No
557,769,2,19,2,2,2,2,Travel_Rarely,No,No
558,771,2,16,1,0,0,0,Non-Travel,No,No
559,772,1,10,10,8,4,7,Travel_Frequently,No,No
560,773,6,6,1,0,0,1,Travel_Rarely,Yes,No
561,775,3,7,0,0,0,0,Travel_Rarely,No,No
562,776,1,34,34,6,1,16,Travel_Rarely,No,No
563,780,1,10,10,9,7,8,Travel_Rarely,Yes,Yes
564,781,1,6,6,5,1,4,Travel_Rarely,No,No
565,783,0,9,8,7,3,1,Travel_Rarely,No,No
566,784,1,2,2,2,0,2,Travel_Rarely,No,No
567,785,4,8,5,4,1,3,Travel_Frequently,Yes,Yes
568,786,1,6,6,5,1,4,Travel_Rarely,No,No
569,787,5,24,5,2,1,4,Travel_Rarely,Yes,Yes
570,789,1,10,10,7,0,9,Non-Travel,No,No
571,791,0,5,4,3,1,2,Non-Travel,No,No
572,792,3,5,2,2,2,0,Travel_Frequently,No,No
573,793,4,11,8,7,1,1,Travel_Rarely,No,No
574,796,6,6,4,3,1,2,Travel_Rarely,No,Yes
575,797,2,10,4,2,1,3,Travel_Rarely,No,No
576,799,9,9,5,3,1,4,Travel_Rarely,Yes,No
577,800,0,5,4,2,1,1,Travel_Frequently,No,No
578,802,0,6,5,3,4,3,Travel_Rarely,Yes,No
579,803,6,17,15,7,4,12,Travel_Frequently,Yes,No
580,804,1,6,6,5,1,3,Travel_Rarely,No,No
581,805,1,3,3,2,0,2,Travel_Rarely,No,No
582,806,3,7,2,2,0,2,Travel_Rarely,No,No
583,807,1,8,8,7,3,7,Travel_Frequently,No,No
584,808,5,6,3,2,1,2,Travel_Rarely,No,No
585,809,1,24,24,7,14,9,Travel_Frequently,No,No
586,811,1,1,0,0,0,0,Travel_Rarely,Yes,Yes
587,812,1,1,1,0,0,0,Non-Travel,No,No
588,813,8,9,5,2,1,4,Travel_Rarely,No,No
589,815,5,30,4,3,0,3,Travel_Rarely,No,No
590,816,1,1,1,0,0,0,Travel_Rarely,Yes,Yes
591,817,0,14,13,9,3,7,Travel_Rarely,No,No
592,819,5,6,3,2,0,2,Travel_Rarely,No,Yes
593,820,1,26,26,14,3,0,Travel_Rarely,Yes,No
594,823,0,10,9,7,0,5,Travel_Rarely,No,No
595,824,1,10,10,7,0,7,Travel_Rarely,No,No
596,825,7,40,31,15,13,8,Travel_Rarely,Yes,Yes
597,826,3,7,2,2,2,2,Travel_Rarely,No,No
598,827,9,8,4,3,0,2,Travel_Rarely,Yes,No
599,828,6,5,2,2,2,1,Travel_Rarely,No,Yes
600,829,4,8,5,2,0,4,Travel_Rarely,No,No
601,830,1,14,14,13,6,8,Travel_Rarely,No,No
602,832,6,10,1,0,0,0,Travel_Frequently,No,No
603,833,5,12,0,0,0,0,Travel_Rarely,Yes,No
604,834,1,1,1,0,0,0,Travel_Rarely,No,No
605,836,1,10,9,8,7,8,Travel_Rarely,No,No
606,837,2,13,4,3,1,2,Travel_Frequently,No,No
607,838,1,6,5,2,1,3,Travel_Frequently,No,No
608,840,1,9,9,8,7,7,Travel_Rarely,No,Yes
609,842,4,12,9,7,7,3,Travel_Rarely,No,Yes
610,843,6,22,4,1,1,0,Travel_Rarely,No,No
611,844,1,9,9,8,0,8,Travel_Rarely,Yes,No
612,845,3,17,8,5,1,6,Travel_Rarely,No,No
613,846,1,8,8,7,7,5,Travel_Rarely,Yes,No
614,847,0,4,3,2,0,2,Travel_Rarely,No,No
615,848,1,8,8,7,1,7,Travel_Frequently,Yes,Yes
616,850,1,0,0,0,0,0,Non-Travel,No,No
617,851,2,29,20,6,4,17,Travel_Rarely,No,No
618,852,9,10,5,2,2,3,Travel_Rarely,No,No
619,854,7,6,4,3,0,1,Travel_Rarely,No,No
620,855,1,9,9,8,0,8,Travel_Rarely,No,No
621,856,1,6,6,5,1,1,Travel_Rarely,No,No
622,857,1,18,18,14,4,11,Travel_Rarely,Yes,No
623,859,2,8,5,2,0,3,Travel_Rarely,No,No
624,861,9,10,5,4,0,3,Travel_Frequently,No,No
625,862,7,35,5,2,0,4,Travel_Rarely,Yes,No
626,864,4,18,5,4,0,2,Travel_Rarely,Yes,No
627,865,5,9,5,3,1,3,Travel_Rarely,No,No
628,867,3,31,9,8,0,0,Travel_Frequently,No,No
629,868,4,9,1,0,0,0,Travel_Rarely,No,No
630,869,1,6,5,1,0,4,Travel_Rarely,No,No
631,872,6,4,2,2,2,2,Travel_Rarely,No,No
632,874,2,10,3,2,0,2,Travel_Rarely,Yes,No
633,875,5,8,2,1,2,2,Travel_Frequently,Yes,No
634,878,0,6,5,4,0,3,Travel_Rarely,No,No
635,879,1,5,5,3,0,3,Travel_Rarely,Yes,No
636,880,1,17,17,14,5,15,Travel_Rarely,Yes,No
637,881,1,10,10,2,7,8,Travel_Frequently,Yes,Yes
638,882,0,4,3,0,0,2,Non-Travel,No,No
639,885,1,5,5,2,0,3,Travel_Rarely,No,No
640,887,2,7,4,2,0,2,Travel_Rarely,No,No
641,888,0,6,5,2,3,4,Non-Travel,No,No
642,889,1,10,10,8,5,3,Travel_Frequently,No,No
643,893,0,3,2,2,1,2,Travel_Rarely,No,No
644,894,2,17,5,3,1,3,Travel_Rarely,Yes,No
645,895,3,8,6,4,0,2,Travel_Rarely,Yes,No
646,896,6,5,3,2,0,2,Travel_Rarely,Yes,Yes
647,897,5,28,2,0,2,2,Travel_Rarely,No,No
648,899,3,16,13,10,4,8,Travel_Rarely,No,No
649,900,5,10,5,4,0,0,Travel_Frequently,No,No
650,901,6,33,12,9,3,8,Travel_Rarely,No,No
651,902,4,12,5,2,2,2,Travel_Frequently,No,No
652,903,0,8,7,6,7,7,Travel_Rarely,Yes,No
653,904,1,10,10,0,0,9,Non-Travel,Yes,No
654,905,1,31,31,6,14,7,Non-Travel,No,No
655,909,8,13,5,4,0,4,Travel_Rarely,No,No
656,910,3,7,4,3,0,3,Travel_Rarely,Yes,No
657,911,1,1,1,0,0,1,Travel_Rarely,Yes,Yes
658,912,6,8,4,3,0,3,Travel_Rarely,No,No
659,913,1,8,8,7,7,1,Travel_Rarely,Yes,No
660,916,1,4,4,2,0,2,Travel_Rarely,No,No
661,918,9,3,1,0,0,0,Travel_Frequently,Yes,Yes
662,920,4,4,1,0,0,0,Travel_Rarely,No,No
663,922,1,2,2,2,0,2,Travel_Rarely,No,Yes
664,923,1,1,1,0,0,0,Travel_Rarely,No,Yes
665,924,0,17,16,8,4,11,Travel_Rarely,Yes,No
666,925,1,3,3,2,1,2,Travel_Rarely,Yes,No
667,926,0,4,3,2,0,2,Travel_Rarely,Yes,Yes
668,927,4,10,7,7,1,0,Travel_Rarely,Yes,Yes
669,930,5,6,2,2,2,2,Travel_Rarely,No,No
670,932,7,8,2,2,2,2,Travel_Rarely,Yes,Yes
671,933,1,1,1,1,0,0,Travel_Rarely,No,No
672,934,1,1,1,0,1,0,Travel_Rarely,No,No
673,936,7,10,5,4,0,3,Travel_Rarely,No,No
674,939,3,6,3,2,0,2,Travel_Rarely,Yes,No
675,940,2,24,6,0,0,4,Travel_Rarely,Yes,No
676,941,3,13,7,7,5,2,Travel_Rarely,No,No
677,942,1,10,10,6,0,7,Travel_Rarely,Yes,No
678,944,4,29,26,9,1,7,Travel_Rarely,No,No
679,945,4,13,0,0,0,0,Travel_Rarely,No,No
680,947,1,9,9,8,0,0,Non-Travel,No,No
681,949,2,8,6,2,0,1,Travel_Rarely,No,No
682,950,1,15,15,12,5,11,Travel_Rarely,No,No
683,951,6,5,3,0,0,2,Non-Travel,No,No
684,952,1,1,1,0,0,0,Travel_Rarely,Yes,Yes
685,954,2,11,1,0,0,0,Travel_Rarely,No,No
686,956,1,7,7,7,0,7,Travel_Frequently,No,No
687,957,2,20,18,13,2,17,Travel_Rarely,Yes,No
688,958,4,16,11,8,3,9,Travel_Rarely,No,No
689,959,1,1,1,0,0,0,Travel_Rarely,Yes,Yes
690,960,1,1,1,0,0,0,Travel_Rarely,No,Yes
691,961,0,10,9,7,8,5,Travel_Rarely,Yes,No
692,964,8,3,1,1,0,0,Travel_Frequently,Yes,No
693,966,1,8,8,7,6,3,Travel_Rarely,No,No
694,967,1,16,16,7,3,7,Travel_Rarely,Yes,Yes
695,969,0,6,5,0,1,4,Travel_Rarely,No,No
696,970,5,17,14,1,11,7,Travel_Rarely,No,Yes
697,972,1,9,9,7,0,8,Non-Travel,No,No
698,974,1,3,3,1,0,2,Travel_Frequently,No,No
699,975,1,5,5,2,1,0,Travel_Rarely,No,No
700,976,2,26,9,8,7,8,Travel_Rarely,No,No
701,977,4,7,1,0,0,0,Travel_Rarely,No,Yes
702,981,6,22,17,13,15,2,Travel_Rarely,No,No
703,982,5,10,8,4,7,7,Travel_Rarely,No,No
704,983,1,6,5,3,1,3,Non-Travel,Yes,No
705,984,6,12,10,9,0,8,Travel_Rarely,No,No
706,985,0,9,8,7,0,7,Travel_Rarely,No,No
707,986,4,22,1,0,0,0,Non-Travel,Yes,Yes
708,987,1,20,19,10,2,7,Travel_Frequently,Yes,No
709,990,4,12,7,7,0,7,Non-Travel,No,No
710,991,0,4,3,2,1,2,Non-Travel,Yes,Yes
711,992,1,10,10,8,6,0,Non-Travel,No,No
712,994,6,3,0,0,0,0,Travel_Rarely,Yes,Yes
713,995,3,5,3,2,0,2,Travel_Rarely,No,No
714,996,3,8,5,3,0,2,Travel_Rarely,No,No
715,997,9,32,5,4,1,3,Travel_Rarely,No,No
716,998,1,6,6,5,1,2,Travel_Frequently,Yes,No
717,999,2,21,18,16,0,11,Travel_Frequently,No,No
718,1001,9,4,2,2,2,2,Travel_Rarely,No,No
719,1002,1,9,9,8,0,8,Non-Travel,Yes,No
720,1003,1,9,9,0,0,7,Travel_Rarely,Yes,No
721,1004,4,7,5,2,0,1,Travel_Rarely,Yes,Yes
722,1005,3,22,12,11,1,5,Travel_Rarely,Yes,No
723,1006,0,3,2,1,0,2,Travel_Frequently,No,No
724,1007,6,13,8,7,0,7,Travel_Rarely,No,No
725,1009,1,5,4,2,3,2,Travel_Rarely,No,No
726,1010,1,5,4,2,0,2,Travel_Rarely,Yes,Yes
727,1011,1,4,4,3,0,3,Travel_Frequently,No,No
728,1012,1,0,0,0,0,0,Non-Travel,No,No
729,1013,8,22,10,7,0,8,Travel_Rarely,No,No
730,1014,1,16,16,10,10,1,Travel_Rarely,Yes,No
731,1015,0,9,8,7,1,7,Travel_Rarely,Yes,No
732,1016,1,1,1,0,0,0,Travel_Rarely,Yes,Yes
733,1017,0,4,3,2,1,2,Travel_Frequently,No,Yes
734,1018,1,8,8,7,1,3,Travel_Rarely,No,No
735,1019,1,4,4,3,1,1,Travel_Rarely,No,No
736,1022,2,19,2,2,2,2,Travel_Rarely,No,No
737,1024,7,27,15,11,4,8,Travel_Rarely,No,No
738,1025,6,8,2,2,2,1,Travel_Rarely,No,No
739,1026,1,21,21,6,11,8,Travel_Rarely,No,No
740,1027,0,4,3,2,2,2,Travel_Rarely,No,No
741,1028,1,3,3,2,1,2,Travel_Rarely,No,No
742,1029,6,21,1,0,0,0,Travel_Rarely,No,No
743,1030,4,8,1,0,0,0,Travel_Rarely,No,No
744,1032,3,30,5,3,4,3,Travel_Rarely,Yes,No
745,1033,5,15,1,0,0,0,Travel_Rarely,No,Yes
746,1034,3,17,8,7,6,7,Travel_Frequently,Yes,No
747,1035,1,21,21,16,5,10,Non-Travel,No,No
748,1036,8,19,1,0,0,0,Travel_Rarely,Yes,No
749,1037,8,7,2,2,2,2,Non-Travel,No,Yes
750,1038,1,33,32,14,6,9,Travel_Rarely,No,Yes
751,1039,3,23,12,11,11,11,Travel_Rarely,Yes,No
752,1040,0,19,18,7,0,13,Non-Travel,No,No
753,1042,1,18,17,13,15,14,Travel_Rarely,No,Yes
754,1043,1,21,21,6,2,8,Travel_Frequently,Yes,No
755,1044,0,3,2,2,2,2,Non-Travel,No,No
756,1045,3,26,9,3,1,1,Travel_Rarely,No,No
757,1046,9,10,8,7,7,7,Non-Travel,No,No
758,1047,0,16,15,1,0,9,Travel_Rarely,No,No
759,1048,3,14,6,4,0,4,Travel_Rarely,Yes,No
760,1049,1,6,6,3,0,4,Travel_Rarely,No,No
761,1050,2,30,15,7,6,12,Travel_Frequently,No,No
762,1052,7,9,1,0,0,0,Travel_Rarely,No,Yes
763,1053,6,6,3,2,1,2,Travel_Frequently,Yes,Yes
764,1055,1,1,1,1,0,0,Travel_Rarely,Yes,No
765,1056,1,1,1,0,0,0,Travel_Rarely,No,No
766,1060,3,8,2,2,2,2,Travel_Frequently,No,No
767,1061,2,29,8,1,7,7,Travel_Rarely,Yes,No
768,1062,3,8,4,3,0,1,Travel_Rarely,No,No
769,1066,1,8,7,7,7,5,Travel_Rarely,No,No
770,1068,1,5,5,3,1,3,Travel_Frequently,No,No
771,1069,9,23,2,2,2,2,Travel_Rarely,No,No
772,1070,6,13,9,4,7,0,Travel_Rarely,No,No
773,1071,2,18,5,4,0,3,Travel_Frequently,No,No
774,1073,0,15,14,8,7,8,Travel_Rarely,No,No
775,1074,7,31,9,7,6,2,Non-Travel,No,No
776,1076,5,18,1,0,0,0,Travel_Rarely,No,No
777,1077,1,2,2,2,0,2,Travel_Frequently,Yes,Yes
778,1079,1,1,1,0,1,0,Travel_Rarely,No,Yes
779,1080,8,19,16,13,1,7,Travel_Rarely,Yes,No
780,1081,9,18,10,0,2,7,Travel_Rarely,Yes,Yes
781,1082,1,10,10,7,1,9,Non-Travel,No,Yes
782,1083,1,6,5,3,1,3,Travel_Rarely,No,No
783,1084,0,7,6,2,0,2,Travel_Rarely,No,No
784,1085,1,10,10,6,0,8,Travel_Rarely,No,No
785,1088,0,20,19,9,1,9,Travel_Rarely,No,No
786,1092,4,14,11,10,11,1,Travel_Rarely,No,No
787,1094,1,3,3,2,1,2,Non-Travel,No,No
788,1096,3,23,3,2,1,2,Travel_Frequently,No,No
789,1097,3,10,8,7,1,7,Travel_Rarely,No,No
790,1098,9,24,20,6,3,6,Travel_Rarely,No,Yes
791,1099,4,9,3,2,1,2,Travel_Rarely,No,No
792,1100,0,9,8,7,4,7,Travel_Rarely,Yes,Yes
793,1101,1,14,13,7,3,8,Travel_Frequently,No,Yes
794,1102,1,4,4,2,2,2,Travel_Rarely,No,No
795,1103,0,7,6,2,0,4,Travel_Frequently,No,No
796,1105,2,8,1,0,0,0,Travel_Rarely,Yes,No
797,1106,1,7,7,7,5,6,Travel_Rarely,Yes,Yes
798,1107,1,1,1,1,0,0,Travel_Rarely,No,Yes
799,1108,4,5,2,2,2,2,Travel_Rarely,Yes,Yes
800,1109,0,23,22,6,13,7,Travel_Rarely,No,No
801,1111,1,1,1,0,0,0,Travel_Frequently,No,Yes
802,1113,3,5,0,0,0,0,Travel_Frequently,Yes,Yes
803,1114,0,4,3,2,0,2,Travel_Frequently,No,No
804,1115,3,6,0,0,0,0,Non-Travel,No,No
805,1116,2,27,5,4,2,1,Non-Travel,No,No
806,1117,1,15,15,10,4,12,Non-Travel,No,No
807,1118,7,18,8,6,4,0,Travel_Rarely,No,No
808,1119,0,9,8,7,2,7,Travel_Rarely,Yes,No
809,1120,4,11,7,5,1,7,Travel_Rarely,No,No
810,1121,0,10,9,7,1,7,Travel_Rarely,No,No
811,1124,3,23,12,9,4,9,Travel_Rarely,No,No
812,1125,7,10,1,0,0,0,Travel_Rarely,No,No
813,1126,8,18,8,7,0,1,Travel_Frequently,No,No
814,1127,7,21,18,7,11,5,Travel_Frequently,No,Yes
815,1128,1,21,20,7,4,9,Travel_Rarely,No,No
816,1131,1,2,2,2,2,2,Travel_Rarely,Yes,No
817,1132,9,9,5,4,0,3,Non-Travel,No,No
818,1133,2,18,11,9,0,9,Non-Travel,No,No
819,1135,0,3,2,2,2,2,Travel_Frequently,No,No
820,1136,0,6,5,3,0,4,Travel_Rarely,No,No
821,1137,1,5,5,2,0,2,Travel_Frequently,No,No
822,1138,6,22,9,8,2,3,Travel_Rarely,No,No
823,1140,2,5,3,2,0,2,Travel_Frequently,No,No
824,1143,0,8,7,5,1,1,Travel_Frequently,No,No
825,1148,4,16,1,0,0,0,Travel_Rarely,No,No
826,1150,1,10,10,7,1,2,Travel_Rarely,Yes,No
827,1152,1,7,7,6,5,0,Travel_Rarely,No,No
828,1154,1,3,3,1,0,2,Travel_Frequently,Yes,No
829,1156,1,0,0,0,0,0,Non-Travel,No,Yes
830,1157,0,6,5,2,0,3,Travel_Rarely,Yes,Yes
831,1158,3,6,1,0,0,0,Travel_Rarely,Yes,No
832,1160,1,2,2,2,2,2,Travel_Frequently,No,Yes
833,1161,7,9,6,2,1,3,Travel_Rarely,No,No
834,1162,1,4,4,2,2,2,Travel_Rarely,No,No
835,1163,1,6,6,5,1,3,Travel_Rarely,No,No
836,1164,1,6,5,4,1,4,Travel_Rarely,No,No
837,1165,1,11,11,8,3,10,Travel_Rarely,No,Yes
838,1166,9,20,18,7,2,13,Travel_Frequently,No,No
839,1167,0,22,21,9,13,14,Travel_Frequently,Yes,Yes
840,1171,7,9,6,4,1,5,Travel_Rarely,No,No
841,1172,6,10,8,0,1,7,Travel_Rarely,No,No
842,1173,8,6,4,3,1,2,Travel_Rarely,No,No
843,1175,1,1,1,1,0,0,Travel_Rarely,Yes,Yes
844,1177,1,8,8,7,0,7,Travel_Rarely,No,No
845,1179,1,10,10,3,1,4,Travel_Rarely,No,No
846,1180,3,16,1,1,0,0,Travel_Frequently,Yes,No
847,1182,2,15,7,7,6,4,Travel_Rarely,No,No
848,1184,0,14,13,9,4,9,Travel_Frequently,No,No
849,1185,1,2,2,2,2,2,Travel_Frequently,No,No
850,1188,8,7,4,3,1,3,Travel_Rarely,No,Yes
851,1190,1,1,1,0,0,0,Non-Travel,No,No
852,1191,4,28,5,2,4,2,Travel_Rarely,No,No
853,1192,1,10,10,8,0,8,Travel_Rarely,No,No
854,1193,1,1,1,1,0,0,Travel_Rarely,No,No
855,1195,4,7,3,2,0,2,Travel_Rarely,Yes,No
856,1196,1,14,14,8,3,11,Travel_Rarely,No,No
857,1198,1,2,2,2,1,2,Travel_Rarely,No,No
858,1200,1,6,6,4,0,2,Travel_Rarely,Yes,Yes
859,1201,3,26,7,7,4,7,Travel_Rarely,No,No
860,1202,0,6,5,4,1,3,Travel_Rarely,Yes,No
861,1203,0,1,0,0,0,0,Travel_Frequently,Yes,Yes
862,1204,8,28,26,15,15,9,Travel_Rarely,No,No
863,1206,2,6,0,0,0,0,Non-Travel,No,No
864,1207,1,5,5,4,1,4,Travel_Rarely,No,No
865,1210,6,5,1,0,0,0,Non-Travel,No,Yes
866,1211,8,8,4,3,0,3,Travel_Rarely,No,No
867,1212,5,5,0,0,0,0,Travel_Frequently,No,No
868,1215,2,32,2,2,2,2,Travel_Frequently,No,No
869,1216,1,6,6,5,3,3,Travel_Rarely,No,No
870,1217,5,25,4,2,0,3,Travel_Rarely,No,No
871,1218,3,15,7,7,1,7,Travel_Rarely,Yes,No
872,1219,1,1,1,0,0,0,Travel_Rarely,No,Yes
873,1220,1,10,10,7,0,1,Travel_Frequently,No,No
874,1221,1,7,7,7,1,7,Travel_Rarely,No,No
875,1224,1,10,10,7,8,9,Travel_Rarely,No,No
876,1225,1,20,20,11,13,17,Travel_Rarely,No,No
877,1226,1,2,2,1,2,2,Travel_Rarely,No,No
878,1228,2,12,6,3,1,4,Travel_Rarely,No,No
879,1231,7,10,4,3,0,3,Non-Travel,No,No
880,1233,0,12,11,7,1,9,Travel_Rarely,Yes,No
881,1234,1,2,2,2,2,2,Travel_Frequently,No,No
882,1235,4,10,8,7,0,7,Travel_Frequently,Yes,No
883,1237,2,17,7,7,7,7,Travel_Rarely,Yes,No
884,1238,0,15,14,10,4,10,Travel_Rarely,No,No
885,1239,7,7,5,1,1,3,Travel_Rarely,No,No
886,1240,0,5,4,3,1,1,Travel_Rarely,No,No
887,1241,0,12,11,9,5,7,Travel_Rarely,Yes,No
888,1242,3,20,1,0,0,0,Travel_Frequently,Yes,No
889,1243,4,16,13,2,4,12,Non-Travel,Yes,No
890,1244,1,9,9,7,6,8,Travel_Rarely,Yes,No
891,1245,7,33,5,4,1,4,Travel_Frequently,No,No
892,1246,1,10,10,5,7,7,Travel_Rarely,No,No
893,1248,1,1,1,1,0,0,Non-Travel,Yes,Yes
894,1249,1,3,3,2,1,2,Travel_Rarely,No,No
895,1250,3,36,10,9,0,9,Travel_Rarely,No,No
896,1251,1,6,6,5,0,1,Travel_Rarely,Yes,No
897,1252,1,10,10,9,1,8,Travel_Rarely,No,No
898,1254,5,13,6,1,0,5,Travel_Rarely,No,No
899,1255,3,25,8,7,0,7,Travel_Rarely,No,No
900,1256,2,23,1,0,0,0,Travel_Rarely,No,No
901,1257,1,12,11,10,0,7,Travel_Frequently,No,No
902,1258,5,7,1,0,0,0,Travel_Rarely,No,No
903,1259,1,5,5,3,0,3,Travel_Rarely,No,No
904,1260,1,6,6,0,1,0,Travel_Rarely,Yes,No
905,1263,6,25,1,0,0,0,Travel_Rarely,No,No
906,1264,3,9,7,7,1,7,Travel_Rarely,No,No
907,1265,0,2,1,0,0,0,Travel_Rarely,No,No
908,1267,7,26,22,9,3,10,Travel_Rarely,No,No
909,1268,0,10,9,8,0,8,Travel_Rarely,Yes,No
910,1269,1,1,1,0,0,1,Travel_Rarely,Yes,No
911,1270,1,1,1,0,0,1,Travel_Rarely,No,No
912,1273,1,1,1,0,1,0,Travel_Frequently,Yes,Yes
913,1275,1,8,8,5,2,2,Travel_Rarely,Yes,No
914,1277,2,26,24,10,1,11,Travel_Rarely,Yes,Yes
915,1278,1,34,33,9,15,0,Non-Travel,Yes,No
916,1279,1,2,2,2,2,2,Travel_Frequently,No,Yes
917,1280,2,26,11,4,0,8,Travel_Rarely,No,No
918,1281,0,4,3,2,0,2,Travel_Rarely,Yes,No
919,1282,4,31,29,10,11,10,Travel_Frequently,Yes,No
920,1283,6,25,9,7,5,4,Travel_Rarely,No,No
921,1285,4,15,11,8,5,10,Travel_Frequently,No,No
922,1286,0,5,4,2,0,2,Travel_Frequently,Yes,No
923,1288,1,26,25,9,14,13,Travel_Rarely,No,No
924,1289,4,14,10,9,1,8,Travel_Frequently,No,No
925,1291,0,4,3,2,2,2,Travel_Rarely,Yes,No
926,1292,6,18,1,0,0,0,Travel_Rarely,Yes,No
927,1293,3,23,21,7,15,17,Travel_Rarely,No,No
928,1294,9,18,16,14,5,12,Travel_Rarely,Yes,No
929,1295,1,10,10,7,0,5,Travel_Rarely,No,Yes
930,1296,1,2,2,2,2,2,Travel_Frequently,Yes,No
931,1297,0,8,7,0,7,7,Travel_Frequently,No,No
932,1298,7,10,8,4,1,7,Non-Travel,Yes,No
933,1299,3,10,7,7,7,7,Travel_Rarely,Yes,Yes
934,1301,2,5,3,2,1,2,Travel_Rarely,No,No
935,1303,1,2,2,2,2,1,Travel_Rarely,No,No
936,1304,1,10,10,7,0,8,Travel_Rarely,No,No
937,1306,3,22,0,0,0,0,Travel_Frequently,No,No
938,1307,6,21,19,9,15,2,Travel_Rarely,Yes,No
939,1308,1,2,2,2,2,2,Travel_Rarely,No,No
940,1309,1,10,10,4,1,1,Travel_Rarely,No,Yes
941,1310,0,6,5,2,0,3,Travel_Rarely,No,Yes
942,1311,0,10,9,2,6,7,Travel_Rarely,No,No
943,1312,3,10,7,7,1,7,Travel_Rarely,No,No
944,1314,6,10,7,6,5,7,Travel_Rarely,No,No
945,1315,0,10,9,8,7,5,Non-Travel,No,No
946,1317,4,25,3,2,1,2,Travel_Rarely,Yes,No
947,1318,2,9,5,4,1,0,Travel_Rarely,Yes,Yes
948,1319,9,10,8,7,7,7,Travel_Rarely,Yes,Yes
949,1321,1,9,9,1,0,8,Travel_Rarely,Yes,No
950,1322,0,9,8,7,1,7,Travel_Rarely,No,No
951,1324,1,10,10,8,9,6,Non-Travel,Yes,No
952,1329,1,19,19,2,11,9,Non-Travel,No,No
953,1331,1,3,3,2,2,2,Travel_Frequently,Yes,Yes
954,1333,4,10,3,2,1,2,Travel_Rarely,No,Yes
955,1334,0,21,20,8,2,10,Non-Travel,Yes,No
956,1336,4,23,19,9,9,11,Travel_Rarely,No,No
957,1338,6,36,7,3,7,7,Travel_Rarely,No,No
958,1340,9,6,4,2,0,0,Non-Travel,No,No
959,1344,0,10,9,7,1,6,Travel_Rarely,No,No
960,1346,1,9,9,8,8,8,Travel_Rarely,No,No
961,1349,0,10,9,3,1,7,Travel_Frequently,No,No
962,1350,1,9,9,6,1,1,Travel_Frequently,Yes,No
963,1352,1,33,33,9,0,10,Travel_Rarely,Yes,No
964,1355,3,11,7,7,1,7,Travel_Rarely,No,No
965,1356,1,10,10,8,9,6,Travel_Rarely,No,No
966,1358,3,7,3,2,1,2,Travel_Rarely,No,No
967,1360,7,31,10,9,5,9,Travel_Rarely,Yes,Yes
968,1361,3,7,4,2,0,3,Travel_Rarely,No,No
969,1362,2,17,15,7,6,13,Travel_Frequently,No,No
970,1363,1,11,10,9,0,8,Travel_Rarely,No,No
971,1364,8,5,1,0,0,0,Travel_Rarely,No,No
972,1367,3,29,5,2,0,3,Travel_Rarely,No,No
973,1368,1,0,0,0,0,0,Non-Travel,No,No
974,1369,0,10,9,7,0,0,Travel_Rarely,No,No
975,1371,3,8,6,2,0,0,Travel_Frequently,No,No
976,1372,6,24,19,7,3,8,Travel_Rarely,Yes,Yes
977,1373,4,33,19,16,15,9,Travel_Rarely,Yes,No
978,1374,1,5,5,4,0,0,Non-Travel,No,No
979,1375,5,15,12,11,11,8,Travel_Rarely,No,No
980,1377,4,10,8,7,7,7,Travel_Rarely,No,No
981,1379,7,3,1,0,0,0,Travel_Frequently,No,Yes
982,1380,0,5,4,2,3,2,Travel_Frequently,Yes,Yes
983,1382,1,4,4,2,0,3,Travel_Frequently,No,No
984,1383,1,14,14,11,4,11,Travel_Rarely,No,No
985,1387,1,5,5,3,0,4,Travel_Rarely,No,No
986,1389,1,10,10,2,6,7,Travel_Rarely,Yes,Yes
987,1390,3,8,5,4,1,4,Travel_Rarely,Yes,No
988,1391,2,14,4,2,3,2,Travel_Frequently,No,No
989,1392,3,12,6,2,3,3,Travel_Frequently,Yes,No
990,1394,7,8,6,4,1,3,Travel_Rarely,Yes,No
991,1395,6,8,5,4,1,2,Travel_Frequently,No,No
992,1396,0,4,3,2,1,2,Travel_Rarely,Yes,No
993,1397,3,13,6,4,0,5,Non-Travel,No,No
994,1399,2,6,3,2,1,2,Travel_Rarely,No,No
995,1401,2,24,5,3,0,2,Travel_Frequently,Yes,No
996,1402,1,20,20,7,1,8,Travel_Rarely,Yes,No
997,1403,1,6,6,2,4,4,Travel_Rarely,Yes,No
998,1405,1,8,8,2,7,7,Travel_Rarely,Yes,Yes
999,1407,0,5,4,3,1,1,Travel_Rarely,No,No
1000,1408,0,21,20,7,0,9,Travel_Rarely,No,No
